Nome,Endereco,Bairro,Cidade,UF,Regiao,Status,WhatsApp
Amo Vacinas Shopping Tamboré,"Amo Vacinas, Shopping Tamboré, Barueri, SP, Brasil",Shopping Tamboré,Barueri,SP,Sudeste,Aberta,0800 050 0090
Amo Vacinas Cambuí,"Amo Vacinas, Cambuí, Campinas, SP, Brasil",Cambuí,Campinas,SP,Sudeste,Aberta,0800 050 0090
Amo Vacinas Flamboyant,"Amo Vacinas, Flamboyant, Campinas, SP, Brasil",Flamboyant,Campinas,SP,Sudeste,Aberta,0800 050 0090
Amo Vacinas Pitangueiras,"Amo Vacinas, Pitangueiras, Guarujá, SP, Brasil",Pitangueiras,Guarujá,SP,Sudeste,Aberta,0800 050 0090
Amo Vacinas Internacional Shopping,"Amo Vacinas, Internacional Shopping, Guarulhos, SP, Brasil",Internacional Shopping,Guarulhos,SP,Sudeste,Aberta,0800 050 0090
Amo Vacinas Ponta da Praia,"Amo Vacinas, Ponta da Praia, Santos, SP, Brasil",Ponta da Praia,Santos,SP,Sudeste,Aberta,0800 050 0090
Amo Vacinas Rio Preto Shopping,"Amo Vacinas, Rio Preto Shopping, São José do Rio Preto, SP, Brasil",Rio Preto Shopping,São José do Rio Preto,SP,Sudeste,Aberta,0800 050 0090
Amo Vacinas Aquarius,"Amo Vacinas, Aquarius, São José dos Campos, SP, Brasil",Aquarius,São José dos Campos,SP,Sudeste,Aberta,0800 050 0090
Amo Vacinas Alto da Mooca,"Amo Vacinas, Alto da Mooca, São Paulo, SP, Brasil",Alto da Mooca,São Paulo,SP,Sudeste,Aberta,0800 050 0090
Amo Vacinas Alto de Santana,"Amo Vacinas, Alto de Santana, São Paulo, SP, Brasil",Alto de Santana,São Paulo,SP,Sudeste,Aberta,0800 050 0090
Amo Vacinas Anália Franco,"Amo Vacinas, Anália Franco, São Paulo, SP, Brasil",Anália Franco,São Paulo,SP,Sudeste,Aberta,0800 050 0090
Amo Vacinas Moema Passáros,"Amo Vacinas, Moema Passáros, São Paulo, SP, Brasil",Moema Passáros,São Paulo,SP,Sudeste,Aberta,0800 050 0090
Amo Vacinas Panamby,"Amo Vacinas, Panamby, São Paulo, SP, Brasil",Panamby,São Paulo,SP,Sudeste,Aberta,0800 050 0090
Amo Vacinas Perdizes,"Amo Vacinas, Perdizes, São Paulo, SP, Brasil",Perdizes,São Paulo,SP,Sudeste,Aberta,0800 050 0090
Amo Vacinas Portal do Morumbi,"Amo Vacinas, Portal do Morumbi, São Paulo, SP, Brasil",Portal do Morumbi,São Paulo,SP,Sudeste,Aberta,0800 050 0090
Amo Vacinas Shopping Eldorado,"Amo Vacinas, Shopping Eldorado, São Paulo, SP, Brasil",Shopping Eldorado,São Paulo,SP,Sudeste,Aberta,0800 050 0090
Amo Vacinas Tatuapé,"Amo Vacinas, Tatuapé, São Paulo, SP, Brasil",Tatuapé,São Paulo,SP,Sudeste,Aberta,0800 050 0090
Amo Vacinas Vila Mariana,"Amo Vacinas, Vila Mariana, São Paulo, SP, Brasil",Vila Mariana,São Paulo,SP,Sudeste,Aberta,0800 050 0090
Amo Vacinas Vila Mascote,"Amo Vacinas, Vila Mascote, São Paulo, SP, Brasil",Vila Mascote,São Paulo,SP,Sudeste,Aberta,0800 050 0090
Amo Vacinas Anchieta,"Amo Vacinas, Anchieta, Belo Horizonte, MG, Brasil",Anchieta,Belo Horizonte,MG,Sudeste,Aberta,0800 050 0090
Amo Vacinas Buritis,"Amo Vacinas, Buritis, Belo Horizonte, MG, Brasil",Buritis,Belo Horizonte,MG,Sudeste,Aberta,0800 050 0090
Amo Vacinas Centro,"Amo Vacinas, Centro, Governador Valadares, MG, Brasil",Centro,Governador Valadares,MG,Sudeste,Aberta,0800 050 0090
Amo Vacinas Shopping Eusébio,"Amo Vacinas, Shopping Eusébio, Eusébio, CE, Brasil",Shopping Eusébio,Eusébio,CE,Nordeste,Aberta,0800 050 0090
Amo Vacinas Meireles,"Amo Vacinas, Meireles, Fortaleza, CE, Brasil",Meireles,Fortaleza,CE,Nordeste,Aberta,0800 050 0090
Amo Vacinas Shopping Iguatemi,"Amo Vacinas, Shopping Iguatemi, Fortaleza, CE, Brasil",Shopping Iguatemi,Fortaleza,CE,Nordeste,Aberta,0800 050 0090
Amo Vacinas Joquei,"Amo Vacinas, Joquei, Teresina, PI, Brasil",Joquei,Teresina,PI,Nordeste,Aberta,0800 050 0090
Amo Vacinas Shopping Rio Poty,"Amo Vacinas, Shopping Rio Poty, Teresina, PI, Brasil",Shopping Rio Poty,Teresina,PI,Nordeste,Aberta,0800 050 0090
Amo Vacinas Calhau,"Amo Vacinas, Calhau, São Luís, MA, Brasil",Calhau,São Luís,MA,Nordeste,Aberta,0800 050 0090
Amo Vacinas Jatiuca,"Amo Vacinas, Jatiuca, Maceió, AL, Brasil",Jatiuca,Maceió,AL,Nordeste,Em breve,0800 050 0090
Amo Vacinas Boa Viagem,"Amo Vacinas, Boa Viagem, Recife, PE, Brasil",Boa Viagem,Recife,PE,Nordeste,Aberta,0800 050 0090
Amo Vacinas Lagoa Nova,"Amo Vacinas, Lagoa Nova, Natal, RN, Brasil",Lagoa Nova,Natal,RN,Nordeste,Aberta,0800 050 0090
Amo Vacinas Shopping Salvador,"Amo Vacinas, Shopping Salvador, Salvador, BA, Brasil",Shopping Salvador,Salvador,BA,Nordeste,Aberta,0800 050 0090
Amo Vacinas Primavera do Leste,"Amo Vacinas, Primavera do Leste, MT, Brasil",,Primavera do Leste,MT,Centro-Oeste,Aberta,0800 050 0090
Amo Vacinas Centro,"Amo Vacinas, Centro, Rondonópolis, MT, Brasil",Centro,Rondonópolis,MT,Centro-Oeste,Aberta,0800 050 0090
Amo Vacinas Anápolis,"Amo Vacinas, Anápolis, GO, Brasil",,Anápolis,GO,Centro-Oeste,Em breve,0800 050 0090
Amo Vacinas Setor Oeste,"Amo Vacinas, Setor Oeste, Goiânia, GO, Brasil",Setor Oeste,Goiânia,GO,Centro-Oeste,Aberta,0800 050 0090
Amo Vacinas Centro,"Amo Vacinas, Centro, Rio Verde, GO, Brasil",Centro,Rio Verde,GO,Centro-Oeste,Aberta,0800 050 0090
Amo Vacinas Tiradentes,"Amo Vacinas, Tiradentes, Campo Grande, MS, Brasil",Tiradentes,Campo Grande,MS,Centro-Oeste,Aberta,0800 050 0090
Amo Vacinas Asa Sul,"Amo Vacinas, Asa Sul, Brasília, DF, Brasil",Asa Sul,Brasília,DF,Centro-Oeste,Aberta,0800 050 0090
Amo Vacinas Itajaí,"Amo Vacinas, Itajaí, SC, Brasil",,Itajaí,SC,Sul,Aberta,0800 050 0090
Amo Vacinas Embratel,"Amo Vacinas, Embratel, Porto Velho, RO, Brasil",Embratel,Porto Velho,RO,Norte,Aberta,0800 050 0090
Amo Vacinas Manaus,"Amo Vacinas, Manaus, AM, Brasil",,Manaus,AM,Norte,Em breve,0800 050 0090
